{"cameraMode":{"drawMode":0,"name":"Shaded","section":"Shading Mode"},"sceneLighting":true,"audioPlay":false,"sceneViewState":{"showFog":true,"showMaterialUpdate":false,"showSkybox":true,"showFlares":true,"showImageEffects":true,"showParticleSystems":true},"in2DMode":false,"pivot":{"x":-26.889219284057618,"y":0.9810800552368164,"z":21.426185607910158},"rotation":{"x":0.014540375210344792,"y":0.35712116956710818,"z":0.004825647920370102,"w":-0.9341409802436829},"size":20.411102294921876,"orthographic":false}