{"cameraMode":{"drawMode":0,"name":"Shaded","section":"Shading Mode"},"sceneLighting":true,"audioPlay":false,"sceneViewState":{"showFog":true,"showMaterialUpdate":false,"showSkybox":true,"showFlares":true,"showImageEffects":true,"showParticleSystems":true},"in2DMode":false,"pivot":{"x":11.90505599975586,"y":-5.97265100479126,"z":30.705381393432618},"rotation":{"x":-0.09903091937303543,"y":-0.1262751668691635,"z":0.01198294386267662,"w":-0.9871665835380554},"size":20.411102294921876,"orthographic":false}